City_ID,City,Country,Date,Lat,Lng,Max Temp,Humidity,Cloudiness,Wind Speed
0,Saint-Philippe,RE,2022-05-14 04:29:12,-21.3585,55.7679,71.19,71,36,6.91
1,Tutoia,BR,2022-05-14 04:29:12,-2.7619,-42.2744,76.95,90,100,9.48
2,Albany,US,2022-05-14 04:29:13,42.6001,-73.9662,69.17,81,1,3.62
3,Avarua,CK,2022-05-14 04:25:34,-21.2078,-159.775,82.45,78,100,9.22
4,Tripoli,LY,2022-05-14 04:27:01,32.8752,13.1875,65.5,55,0,5.88
5,Ouargaye,BF,2022-05-14 04:29:14,11.5033,0.0572,83.97,56,98,8.34
6,Butaritari,KI,2022-05-14 04:25:38,3.0707,172.7902,80.98,72,85,4.38
7,Walvis Bay,NA,2022-05-14 04:29:15,-22.9575,14.5053,56.08,93,0,5.75
8,Amapa,BR,2022-05-14 04:29:16,1.0,-52.0,71.78,99,91,1.72
9,Saldanha,ZA,2022-05-14 04:29:17,-33.0117,17.9442,46.45,81,34,5.23
10,Manta,EC,2022-05-14 04:29:18,-0.95,-80.7333,74.98,88,100,5.75
11,Narsaq,GL,2022-05-14 04:29:18,60.9167,-46.05,30.42,82,52,4.72
12,Ushuaia,AR,2022-05-14 04:26:25,-54.8,-68.3,40.66,100,100,5.75
13,Ashland,US,2022-05-14 04:29:19,40.8167,-82.2665,66.74,80,59,5.84
14,Kapaa,US,2022-05-14 04:29:20,22.0752,-159.319,80.58,84,75,14.97
15,Tambura,SS,2022-05-14 04:29:20,5.6,27.4667,67.62,97,93,3.89
16,Barrow,US,2022-05-14 04:29:21,71.2906,-156.7887,21.22,86,100,9.22
17,Acu,BR,2022-05-14 04:29:22,-5.5767,-36.9086,76.12,84,96,5.44
18,Rikitea,PF,2022-05-14 04:29:22,-23.1203,-134.9692,77.27,75,4,20.22
19,Progreso,MX,2022-05-14 04:29:24,21.2833,-89.6667,77.11,71,0,12.5
20,Chokurdakh,RU,2022-05-14 04:29:25,70.6333,147.9167,20.93,83,100,7.47
21,Hermanus,ZA,2022-05-14 04:24:40,-34.4187,19.2345,53.8,77,89,5.46
22,Erenhot,CN,2022-05-14 04:29:26,43.6475,111.9767,58.08,19,2,9.95
23,Komsomolskiy,UZ,2022-05-14 04:29:26,40.4272,71.7189,65.12,72,20,4.61
24,Airai,TL,2022-05-14 04:29:27,-8.9266,125.4092,75.92,56,25,2.62
25,Cabo San Lucas,MX,2022-05-14 04:26:15,22.8909,-109.9124,77.5,56,100,3.0
26,Port Alfred,ZA,2022-05-14 04:26:05,-33.5906,26.891,54.18,89,50,1.99
27,Busselton,AU,2022-05-14 04:29:28,-33.65,115.3333,63.48,63,94,18.34
28,Shellbrook,CA,2022-05-14 04:29:28,53.2168,-106.4011,36.63,96,100,15.7
29,Hobart,AU,2022-05-14 04:28:40,-42.8794,147.3294,64.26,85,75,16.11
30,Punta Arenas,CL,2022-05-14 04:29:29,-53.15,-70.9167,35.71,87,0,2.3
31,Oistins,BB,2022-05-14 04:29:29,13.0667,-59.5333,78.89,78,40,19.57
32,Nantucket,US,2022-05-14 04:27:24,41.2835,-70.0995,64.54,94,100,10.36
33,Kruisfontein,ZA,2022-05-14 04:29:30,-34.0033,24.7314,50.88,80,31,7.54
34,Mbarara,UG,2022-05-14 04:29:31,-0.608,30.65,60.08,91,58,3.6
35,Gamba,GA,2022-05-14 04:29:31,-2.65,10.0,76.15,94,71,4.74
36,Batsfjord,NO,2022-05-14 04:29:32,70.6345,29.7185,37.33,80,100,9.22
37,Coruripe,BR,2022-05-14 04:29:32,-10.1256,-36.1756,76.26,87,33,5.06
38,Yellowknife,CA,2022-05-14 04:25:21,62.456,-114.3525,54.12,43,40,3.44
39,Bereda,ES,2022-05-14 04:29:33,43.2686,-7.5406,58.41,95,100,1.25
40,Kaitangata,NZ,2022-05-14 04:29:33,-46.2817,169.8464,51.98,87,89,7.99
41,Kholm-Zhirkovskiy,RU,2022-05-14 04:29:34,55.5189,33.4731,45.48,81,93,8.9
42,Cockburn Town,TC,2022-05-14 04:29:34,21.4612,-71.1419,78.89,86,100,26.11
43,Mahebourg,MU,2022-05-14 04:25:54,-20.4081,57.7,76.24,69,40,5.75
44,Arbagar,RU,2022-05-14 04:29:35,51.9438,116.2805,63.25,25,26,12.28
45,Iqaluit,CA,2022-05-14 04:29:35,63.7506,-68.5145,19.13,79,100,11.5
46,Zhigansk,RU,2022-05-14 04:29:36,66.7697,123.3711,30.24,60,81,16.22
47,Cape Town,ZA,2022-05-14 04:28:07,-33.9258,18.4232,54.91,93,40,6.91
48,Vaini,TO,2022-05-14 04:29:36,-21.2,-175.2,75.36,64,20,11.5
49,Toamasina,MG,2022-05-14 04:29:37,-18.1667,49.3833,69.8,88,40,5.75
50,Esperance,AU,2022-05-14 04:26:17,-33.8667,121.9,69.64,54,11,24.65
51,Qaanaaq,GL,2022-05-14 04:29:37,77.484,-69.3632,11.12,69,27,7.25
52,Velykoploske,UA,2022-05-14 04:29:38,47.0125,29.6717,60.3,92,85,7.99
53,Zarand,IR,2022-05-14 04:29:38,30.8127,56.564,60.84,40,0,7.07
54,Cherskiy,RU,2022-05-14 04:29:39,68.75,161.3,45.05,58,74,18.7
55,Meulaboh,ID,2022-05-14 04:29:39,4.1363,96.1285,86.09,67,81,2.08
56,Hami,CN,2022-05-14 04:29:40,42.8,93.45,70.02,6,14,7.27
57,Pangoa,PE,2022-05-14 04:29:40,-12.1167,-73.0,67.6,90,4,2.64
58,Puerto Escondido,MX,2022-05-14 04:29:41,15.85,-97.0667,83.12,78,100,7.07
59,Nhulunbuy,AU,2022-05-14 04:29:41,-12.2333,136.7667,86.61,54,40,9.22
60,Bulgan,MN,2022-05-14 04:29:42,48.8125,103.5347,56.25,24,3,2.35
61,Pangnirtung,CA,2022-05-14 04:29:42,66.1451,-65.7125,7.79,82,5,7.61
62,Mataura,NZ,2022-05-14 04:29:43,-46.1927,168.8643,50.49,91,70,3.89
63,New Norfolk,AU,2022-05-14 04:29:43,-42.7826,147.0587,63.9,88,100,3.6
64,Bambous Virieux,MU,2022-05-14 04:29:43,-20.3428,57.7575,76.21,69,40,5.75
65,Vershino-Darasunskiy,RU,2022-05-14 04:29:44,52.35,115.5167,58.03,27,21,11.25
66,Severo-Kurilsk,RU,2022-05-14 04:26:02,50.6789,156.125,39.58,93,100,17.54
67,Mpanda,TZ,2022-05-14 04:29:45,-6.3655,31.0409,64.62,86,99,1.72
68,Saskylakh,RU,2022-05-14 04:29:45,71.9167,114.0833,20.62,84,44,1.83
69,Port Elizabeth,ZA,2022-05-14 04:29:46,-33.918,25.5701,59.31,73,0,12.66
70,Russell,US,2022-05-14 04:25:42,32.3502,-85.1999,69.4,88,0,0.0
71,Chuy,UY,2022-05-14 04:26:05,-33.6971,-53.4616,55.54,83,100,5.17
72,Isangel,VU,2022-05-14 04:29:47,-19.55,169.2667,76.82,67,79,15.05
73,Hithadhoo,MV,2022-05-14 04:29:47,-0.6,73.0833,82.81,71,100,8.19
74,Chimore,BO,2022-05-14 04:29:48,-16.9833,-65.1333,72.48,81,85,0.45
75,Cidreira,BR,2022-05-14 04:29:48,-30.1811,-50.2056,63.37,80,64,12.64
76,Brae,GB,2022-05-14 04:29:49,60.3964,-1.353,45.64,81,90,11.16
77,Zheleznodorozhnyy,RU,2022-05-14 04:29:49,55.7503,38.0042,51.35,70,51,11.39
78,Caravelas,BR,2022-05-14 04:29:49,-17.7125,-39.2481,73.22,85,78,6.22
79,Geraldton,AU,2022-05-14 04:25:44,-28.7667,114.6,68.41,68,100,4.61
80,Ylojarvi,FI,2022-05-14 04:29:50,61.5563,23.5961,46.62,70,0,4.61
81,Georgetown,MY,2022-05-14 04:25:05,5.4112,100.3354,91.33,70,20,6.91
82,Vuktyl,RU,2022-05-14 04:29:51,63.8567,57.3094,56.07,58,96,8.77
83,Tommot,RU,2022-05-14 04:29:51,58.9564,126.2925,41.77,62,100,9.66
84,Husavik,IS,2022-05-14 04:29:52,66.0449,-17.3389,30.18,94,95,3.83
85,Belmonte,BR,2022-05-14 04:29:52,-15.8631,-38.8828,73.74,88,80,4.12
86,Souillac,MU,2022-05-14 04:29:53,-20.5167,57.5167,75.58,69,40,5.75
87,Nyandoma,RU,2022-05-14 04:29:53,61.669,40.1991,42.42,96,100,7.25
88,Najran,SA,2022-05-14 04:29:54,17.4924,44.1277,74.05,17,78,3.4
89,Pisco,PE,2022-05-14 04:29:54,-13.7,-76.2167,61.02,88,4,4.61
90,Itapora,BR,2022-05-14 04:29:55,-22.0799,-54.7874,63.09,81,0,5.12
91,Katsuura,JP,2022-05-14 04:29:55,35.1333,140.3,69.82,94,100,21.99
92,Port Augusta,AU,2022-05-14 04:29:55,-32.5,137.7667,75.24,41,57,7.96
93,Kavaratti,IN,2022-05-14 04:29:56,10.5669,72.642,80.17,86,99,11.79
94,Pevek,RU,2022-05-14 04:29:57,69.7008,170.3133,34.29,77,18,20.29
95,Bluff,NZ,2022-05-14 04:25:44,-46.6,168.3333,50.81,76,96,12.82
96,Salinopolis,BR,2022-05-14 04:29:57,-0.6136,-47.3561,79.02,88,32,9.86
97,Creel,MX,2022-05-14 04:29:58,27.75,-107.6333,51.69,16,2,5.21
98,Los Llanos De Aridane,ES,2022-05-14 04:29:12,28.6585,-17.9182,65.12,78,100,11.01
99,Okhotsk,RU,2022-05-14 04:29:58,59.3833,143.3,34.02,97,100,10.78
100,Belyy Yar,RU,2022-05-14 04:29:59,53.6039,91.3903,70.86,17,0,4.47
101,Shahpur,IN,2022-05-14 04:29:59,16.7,76.8333,91.58,40,36,12.59
102,Sandwick,GB,2022-05-14 04:30:00,60.0,-1.25,48.02,87,100,14.97
103,Zyryanka,RU,2022-05-14 04:30:00,65.75,150.85,32.27,78,100,13.2
104,Mangrol,IN,2022-05-14 04:30:01,21.1167,70.1167,87.93,65,8,13.73
105,Atuona,PF,2022-05-14 04:30:01,-9.8,-139.0333,78.94,70,8,20.85
106,Ucluelet,CA,2022-05-14 04:30:02,48.9329,-125.5528,45.09,84,100,7.0
107,La Ceiba,HN,2022-05-14 04:30:03,15.7597,-86.7822,71.42,88,20,0.0
108,Ostrovnoy,RU,2022-05-14 04:30:03,68.0531,39.5131,41.16,86,100,3.69
109,Lekoni,GA,2022-05-14 04:30:04,-1.5843,14.2591,72.99,90,81,2.84
110,Asfi,MA,2022-05-14 04:30:04,32.2994,-9.2372,64.94,83,72,7.74
111,Leningradskiy,RU,2022-05-14 04:30:05,69.3833,178.4167,35.33,93,54,5.06
112,Tuktoyaktuk,CA,2022-05-14 04:30:06,69.4541,-133.0374,24.8,86,100,18.41
113,Thompson,CA,2022-05-14 04:25:39,55.7435,-97.8558,33.96,93,100,14.97
114,Upernavik,GL,2022-05-14 04:30:07,72.7868,-56.1549,4.46,90,23,4.5
115,Sitka,US,2022-05-14 04:26:04,57.0531,-135.33,44.49,81,100,4.61
116,Patitirion,GR,2022-05-14 04:30:07,39.15,23.8667,65.37,63,33,3.36
117,Mount Gambier,AU,2022-05-14 04:30:08,-37.8333,140.7667,67.91,60,100,20.71
118,Dombarovskiy,RU,2022-05-14 04:30:09,50.7587,59.5386,56.71,79,100,18.86
119,Poum,NC,2022-05-14 04:30:09,-20.2333,164.0167,76.05,72,98,25.86
120,Monte Escobedo,MX,2022-05-14 04:30:10,22.3,-103.5833,59.97,56,88,2.98
121,Nevel,RU,2022-05-14 04:30:10,56.0209,29.9284,46.69,71,78,6.82
122,Praia Da Vitoria,PT,2022-05-14 04:30:11,38.7333,-27.0667,57.45,100,40,7.23
123,Khatanga,RU,2022-05-14 04:30:11,71.9667,102.5,30.72,99,100,8.88
124,North Platte,US,2022-05-14 04:26:21,41.1239,-100.7654,62.26,49,41,5.99
125,Faanui,PF,2022-05-14 04:30:12,-16.4833,-151.75,81.39,72,64,15.95
126,Provideniya,RU,2022-05-14 04:30:12,64.3833,-173.3,39.99,60,49,6.22
127,Carnarvon,AU,2022-05-14 04:30:13,-24.8667,113.6333,71.67,43,0,18.41
128,Ocampo,MX,2022-05-14 04:30:13,21.65,-101.5,62.28,47,47,9.51
129,Atambua,ID,2022-05-14 04:30:14,-9.1061,124.8925,83.68,65,22,3.27
130,Kupino,RU,2022-05-14 04:30:14,54.3663,77.2981,76.73,25,63,11.34
131,Jamestown,US,2022-05-14 04:26:00,42.097,-79.2353,67.64,77,0,8.05
132,Olinda,BR,2022-05-14 04:30:15,-8.0089,-34.8553,76.73,94,75,3.44
133,Fort Nelson,CA,2022-05-14 04:25:38,58.8053,-122.7002,47.79,87,100,0.0
134,Belyy,RU,2022-05-14 04:30:16,55.8402,32.9419,48.31,68,80,8.48
135,Yerbogachen,RU,2022-05-14 04:30:16,61.2767,108.0108,61.25,50,72,2.19
136,Karaman,TR,2022-05-14 04:30:17,37.0833,33.25,59.54,43,61,9.82
137,Nanga Eboko,CM,2022-05-14 04:30:17,4.6833,12.3667,67.42,100,100,1.61
138,Gondanglegi,ID,2022-05-14 04:30:17,-7.7479,112.0132,88.95,65,43,4.97
139,Nzerekore,GN,2022-05-14 04:30:18,7.7562,-8.8179,69.89,99,89,1.36
140,Ribeira Grande,PT,2022-05-14 04:30:18,38.5167,-28.7,60.62,73,37,12.8
141,Alihe,CN,2022-05-14 04:30:19,50.5667,123.7167,53.04,43,100,8.81
142,Vilyuysk,RU,2022-05-14 04:30:19,63.7553,121.6247,37.35,52,83,11.7
143,Constitucion,CL,2022-05-14 04:30:20,-35.3333,-72.4167,51.24,58,100,5.66
144,Olds,CA,2022-05-14 04:25:38,51.7834,-114.102,44.74,87,100,9.22
145,Mombasa,KE,2022-05-14 04:30:21,-4.0547,39.6636,79.93,74,11,13.58
146,Ancud,CL,2022-05-14 04:30:21,-41.8697,-73.8203,49.06,88,100,5.41
147,Xuddur,SO,2022-05-14 04:30:21,4.1213,43.8894,76.59,75,39,15.52
148,Alice Springs,AU,2022-05-14 04:25:55,-23.7,133.8833,89.15,20,18,8.05
149,Gorom-Gorom,BF,2022-05-14 04:30:22,14.4439,-0.2361,83.77,11,52,3.85
150,Lavrentiya,RU,2022-05-14 04:30:22,65.5833,-171.0,30.92,86,51,3.89
151,Victoria,HK,2022-05-14 04:26:51,22.2855,114.1577,80.33,91,73,5.99
152,La Mana,EC,2022-05-14 04:30:27,-0.9333,-79.2167,73.6,92,67,2.19
153,Dikson,RU,2022-05-14 04:30:27,73.5069,80.5464,33.12,98,100,16.17
154,Saiha,IN,2022-05-14 04:30:29,22.4833,92.9667,82.47,67,56,3.67
155,Bredasdorp,ZA,2022-05-14 04:30:30,-34.5322,20.0403,53.04,86,61,6.53
156,Bekhtery,UA,2022-05-14 04:30:32,46.251,32.2927,59.63,83,99,10.22
157,Te Anau,NZ,2022-05-14 04:30:34,-45.4167,167.7167,55.09,91,89,3.27
158,Lompoc,US,2022-05-14 04:30:41,34.6391,-120.4579,61.59,83,0,14.97
159,La Macarena,CO,2022-05-14 04:30:41,2.1837,-73.7849,72.5,98,98,1.41
160,Riyadh,SA,2022-05-14 04:30:42,24.6877,46.7219,75.34,15,0,16.11
161,Karoi,ZW,2022-05-14 04:30:43,-16.8099,29.6925,57.38,86,0,4.05
162,Kidal,ML,2022-05-14 04:30:44,18.4411,1.4078,81.39,10,34,14.05
163,Camacha,PT,2022-05-14 04:30:44,33.0833,-16.3333,62.02,88,40,5.75
164,Labuhan,ID,2022-05-14 04:30:45,-6.8844,112.2051,86.29,72,97,7.38
165,Rio Grande,BR,2022-05-14 04:28:01,-32.035,-52.0986,61.11,79,100,11.52
166,Aleksandrov Gay,RU,2022-05-14 04:30:46,50.147,48.5704,60.53,61,16,11.23
167,Ellsworth,US,2022-05-14 04:26:18,44.5434,-68.4195,62.56,95,40,10.36
168,Ternate,ID,2022-05-14 04:30:47,0.8,127.4,80.51,81,99,6.17
169,Montepuez,MZ,2022-05-14 04:30:49,-13.1256,38.9997,65.73,82,5,3.22
170,The Valley,AI,2022-05-14 04:30:49,18.217,-63.0578,79.11,73,56,23.87
171,Lorengau,PG,2022-05-14 04:30:51,-2.0226,147.2712,85.33,63,33,7.27
172,Lebu,CL,2022-05-14 04:30:52,-37.6167,-73.65,48.34,78,98,16.46
173,Caceres,ES,2022-05-14 04:30:53,39.522,-6.3748,67.64,45,100,3.09
174,Hilo,US,2022-05-14 04:25:58,19.7297,-155.09,78.28,84,100,4.61
175,Calderitas,MX,2022-05-14 04:30:54,18.55,-88.25,77.63,67,0,6.62
176,Mwene-Ditu,CD,2022-05-14 04:30:54,-7.0,23.45,64.92,73,96,4.45
177,Yulara,AU,2022-05-14 04:30:55,-25.2406,130.9889,83.61,30,12,11.39
178,East London,ZA,2022-05-14 04:30:55,-33.0153,27.9116,61.74,72,0,10.36
179,Sao Filipe,CV,2022-05-14 04:26:15,14.8961,-24.4956,75.11,68,100,7.27
180,Vokhtoga,RU,2022-05-14 04:30:57,58.8147,41.0461,43.61,95,100,9.31
181,Hasaki,JP,2022-05-14 04:26:07,35.7333,140.8333,75.29,89,100,18.41
182,Port Macquarie,AU,2022-05-14 04:30:58,-31.4333,152.9167,76.89,76,11,13.42
183,Puerto Ayora,EC,2022-05-14 04:30:58,-0.7393,-90.3518,72.55,97,61,1.01
184,Calbuco,CL,2022-05-14 04:30:59,-41.768,-73.1273,45.61,80,100,6.2
185,Silute,LT,2022-05-14 04:30:59,55.3489,21.4831,49.68,92,73,15.1
186,College,US,2022-05-14 04:27:31,64.8569,-147.8028,47.07,60,75,8.05
187,Stockholm,SE,2022-05-14 04:31:00,59.3326,18.0649,48.88,91,100,5.75
188,Awjilah,LY,2022-05-14 04:31:00,29.1081,21.2869,64.6,61,0,13.82
189,Akdepe,TM,2022-05-14 04:31:01,42.0551,59.3788,66.29,29,3,8.55
190,Macaubas,BR,2022-05-14 04:31:02,-13.0194,-42.6986,69.71,67,79,6.64
191,Kibala,TD,2022-05-14 04:31:03,9.1104,18.3463,73.35,88,20,6.91
192,Ranong,TH,2022-05-14 04:31:03,9.9658,98.6348,89.53,69,99,5.39
193,Mitsamiouli,KM,2022-05-14 04:31:04,-11.3847,43.2844,79.68,70,1,8.97
194,Tamayo,DO,2022-05-14 04:31:05,18.3947,-71.2029,76.77,83,100,4.59
195,Peniche,PT,2022-05-14 04:31:06,39.3558,-9.3811,65.28,81,100,6.64
196,Rundu,NA,2022-05-14 04:31:07,-17.9333,19.7667,56.14,55,0,2.82
197,Ler,SS,2022-05-14 04:31:07,8.3018,30.1418,81.39,63,64,4.14
198,San Miguel De Cauri,PE,2022-05-14 04:31:09,-10.1,-76.5833,43.65,94,77,2.13
199,Haimen,CN,2022-05-14 04:31:10,23.1935,116.6142,73.29,83,100,21.03
200,Salalah,OM,2022-05-14 04:31:10,17.0151,54.0924,93.29,8,1,27.63
201,Balikpapan,ID,2022-05-14 04:31:11,-1.2675,116.8289,77.99,100,40,0.0
202,Kodiak,US,2022-05-14 04:31:11,57.79,-152.4072,47.71,40,75,17.27
203,Flagstaff,US,2022-05-14 04:31:12,35.1981,-111.6513,58.51,18,0,3.0
204,Pangai,TO,2022-05-14 04:31:13,-19.8,-174.35,77.11,57,40,9.22
205,Bardiyah,LY,2022-05-14 04:31:13,31.7561,25.0865,64.96,67,0,8.97
206,Waddan,LY,2022-05-14 04:31:15,29.1614,16.139,62.58,54,0,2.1
207,Kenai,US,2022-05-14 04:31:15,60.5544,-151.2583,46.45,64,100,20.71
208,Maceio,BR,2022-05-14 04:31:17,-9.6658,-35.7353,76.44,88,75,3.44
209,Fairbanks,US,2022-05-14 04:29:26,64.8378,-147.7164,47.08,60,75,8.05
210,Puerto Cabezas,NI,2022-05-14 04:31:18,14.0351,-83.3888,75.65,91,18,8.95
211,Arraial Do Cabo,BR,2022-05-14 04:31:18,-22.9661,-42.0278,72.14,72,97,5.39
212,Basco,PH,2022-05-14 04:31:19,20.4487,121.9702,84.04,77,97,10.36
213,Fortuna,US,2022-05-14 04:31:20,40.5982,-124.1573,56.93,93,100,1.01
214,Laguna,US,2022-05-14 04:31:20,38.421,-121.4238,73.38,65,0,10.36
215,Yar-Sale,RU,2022-05-14 04:31:21,66.8333,70.8333,40.75,97,84,8.9
216,Rocha,UY,2022-05-14 04:31:22,-34.4833,-54.3333,51.69,82,100,5.06
217,West Wendover,US,2022-05-14 04:29:22,40.7391,-114.0733,65.41,16,0,6.91
218,Bengkulu,ID,2022-05-14 04:31:22,-3.8004,102.2655,85.86,69,31,7.49
219,Nikolskoye,RU,2022-05-14 04:31:23,59.7035,30.7861,48.87,63,13,8.39
220,Jacmel,HT,2022-05-14 04:31:23,18.2342,-72.5347,78.64,89,98,6.73
221,Aguimes,ES,2022-05-14 04:31:24,27.9054,-15.4461,63.23,82,20,4.61
222,Hofn,IS,2022-05-14 04:31:24,64.2539,-15.2082,38.71,74,99,8.19
223,Visby,SE,2022-05-14 04:31:25,57.6409,18.296,49.05,93,99,12.66
224,Adrar,MR,2022-05-14 04:31:26,20.5022,-10.0711,81.01,14,49,10.76
225,Venado Tuerto,AR,2022-05-14 04:31:26,-33.7456,-61.9688,55.76,72,100,4.16
226,Bubaque,GW,2022-05-14 04:31:27,11.2833,-15.8333,77.56,85,49,8.88
227,Dong Hoi,VN,2022-05-14 04:28:05,17.4833,106.6,88.56,68,100,1.63
228,Beyneu,KZ,2022-05-14 04:31:27,45.3167,55.2,65.19,40,40,20.31
229,Northam,GB,2022-05-14 04:31:28,51.0333,-4.2167,50.67,94,95,4.83
230,Evensk,RU,2022-05-14 04:31:29,61.95,159.2333,33.6,100,100,9.08
231,Santa Fe,AR,2022-05-14 04:29:13,-31.6333,-60.7,57.99,89,76,1.99
232,Bilma,NE,2022-05-14 04:31:33,18.6853,12.9164,77.54,22,9,17.25
233,Morozovsk,RU,2022-05-14 04:31:33,48.3539,41.8261,58.53,66,86,5.14
234,Gimli,CA,2022-05-14 04:31:35,50.6336,-96.9907,50.02,71,100,27.63
235,Strezhevoy,RU,2022-05-14 04:31:36,60.7333,77.5889,71.8,25,50,10.22
236,Dingle,PH,2022-05-14 04:31:37,10.9995,122.6711,89.6,59,82,6.51
237,Richards Bay,ZA,2022-05-14 04:31:39,-28.783,32.0377,66.52,89,32,5.41
238,Castro,BR,2022-05-14 04:31:40,-24.7911,-50.0119,51.1,99,8,4.59
239,The Pas,CA,2022-05-14 04:31:41,53.8251,-101.2541,37.42,93,100,12.66
240,Pierre,US,2022-05-14 04:31:42,44.3683,-100.351,58.12,60,20,13.8
241,Port Hardy,CA,2022-05-14 04:30:09,50.6996,-127.4199,44.78,87,100,10.36
242,Erzin,TR,2022-05-14 04:31:44,36.9559,36.2,73.04,48,70,1.43
243,Pachino,IT,2022-05-14 04:31:44,36.7186,15.0907,65.1,63,0,5.5
244,Plettenberg Bay,ZA,2022-05-14 04:31:46,-34.0527,23.3716,55.94,75,8,6.73
245,Owando,CG,2022-05-14 04:31:46,-0.4819,15.8999,70.99,97,37,0.98
246,Camana,PE,2022-05-14 04:31:48,-16.6228,-72.7111,64.22,81,63,6.49
247,Olafsvik,IS,2022-05-14 04:31:48,64.8945,-23.7142,34.09,73,97,12.64
248,Mar Del Plata,AR,2022-05-14 04:30:05,-38.0023,-57.5575,49.95,75,0,7.0
249,Altamira,BR,2022-05-14 04:31:49,-3.2033,-52.2064,72.28,99,45,2.24
250,Taltal,CL,2022-05-14 04:31:49,-25.4,-70.4833,59.74,77,3,3.58
251,Komsomolets,KZ,2022-05-14 04:31:50,53.7453,62.0708,57.56,56,57,16.31
252,Tsogni,GA,2022-05-14 04:31:50,-2.7942,10.0988,75.78,94,75,4.79
253,Abu Samrah,SY,2022-05-14 04:31:51,35.3029,37.1841,75.15,24,4,6.08
254,General Roca,AR,2022-05-14 04:31:51,-39.0333,-67.5833,47.62,42,80,4.5
255,Polson,US,2022-05-14 04:31:53,47.6936,-114.1632,39.22,59,20,5.59
256,Saint-Pierre,RE,2022-05-14 04:32:09,-21.3393,55.4781,72.91,40,0,8.05
257,Okato,NZ,2022-05-14 04:32:10,-39.2,173.8833,62.91,79,99,1.99
258,Noyabrsk,RU,2022-05-14 04:32:11,63.1994,75.4507,62.49,47,97,16.06
259,Liuzhou,CN,2022-05-14 04:32:11,24.3126,109.3892,76.55,72,98,5.66
260,Yumen,CN,2022-05-14 04:32:12,40.2833,97.2,60.21,18,24,11.59
261,Imbituba,BR,2022-05-14 04:32:12,-28.24,-48.6703,65.86,99,43,3.31
262,Wladyslawowo,PL,2022-05-14 04:32:15,54.7909,18.4009,55.0,82,71,20.65
263,Thinadhoo,MV,2022-05-14 04:32:15,0.5333,72.9333,83.71,67,100,13.98
264,Alice,US,2022-05-14 04:32:16,27.7523,-98.0697,75.54,83,0,9.22
265,Norman Wells,CA,2022-05-14 04:32:17,65.282,-126.8329,57.24,30,20,3.44
266,Billings,US,2022-05-14 04:30:04,45.7833,-108.5007,50.29,25,75,5.75
267,Colimes,EC,2022-05-14 04:32:17,-1.55,-80.0167,74.07,93,98,2.53
268,Monywa,MM,2022-05-14 04:32:18,22.1167,95.1333,95.5,41,77,10.94
269,Golden Gate,US,2022-05-14 04:32:18,26.1879,-81.6951,73.38,66,0,4.61
270,Arlit,NE,2022-05-14 04:32:19,18.7369,7.3853,85.55,12,20,17.36
271,Soyo,AO,2022-05-14 04:32:19,-6.1349,12.3689,76.12,91,65,4.56
272,Bandarbeyla,SO,2022-05-14 04:32:20,9.4942,50.8122,89.29,55,100,14.12
273,Bathsheba,BB,2022-05-14 04:32:21,13.2167,-59.5167,79.41,78,40,19.57
274,Tarakan,ID,2022-05-14 04:32:22,3.3,117.6333,81.9,83,75,3.44
275,Longyearbyen,SJ,2022-05-14 04:32:23,78.2186,15.6401,22.84,68,40,8.05
276,Sao Paulo De Olivenca,BR,2022-05-14 04:32:23,-3.3783,-68.8725,73.06,99,59,0.92
277,Kangaatsiaq,GL,2022-05-14 04:32:24,68.3065,-53.4641,17.83,89,100,2.73
278,Albury,AU,2022-05-14 04:32:05,-36.0833,146.9167,68.05,97,75,9.22
279,Gdov,RU,2022-05-14 04:32:24,58.7406,27.8122,43.09,86,42,6.89
280,Tazovskiy,RU,2022-05-14 04:32:25,67.4667,78.7,36.54,100,100,5.21
281,Tura,IN,2022-05-14 04:30:02,25.5198,90.2201,79.54,87,24,5.59
282,Peleduy,RU,2022-05-14 04:32:26,59.6289,112.7406,54.09,46,99,3.74
283,Villa Guerrero,MX,2022-05-14 04:32:28,18.8667,-99.65,76.28,51,68,4.72
284,Uberaba,BR,2022-05-14 04:32:28,-19.7483,-47.9319,70.38,60,0,3.44
285,Namtsy,RU,2022-05-14 04:32:29,62.7161,129.6658,43.09,53,84,14.47
286,Kiruna,SE,2022-05-14 04:32:29,67.8557,20.2251,34.72,75,100,4.61
287,Kalabo,ZM,2022-05-14 04:32:30,-14.97,22.6814,59.67,61,20,3.85
288,Makakilo City,US,2022-05-14 04:32:30,21.3469,-158.0858,80.92,58,0,13.8
289,Tabas,IR,2022-05-14 04:32:32,33.5959,56.9244,73.51,35,2,13.94
290,Seoul,KR,2022-05-14 04:29:03,37.5683,126.9778,67.39,34,0,16.11
291,Chake Chake,TZ,2022-05-14 04:32:32,-5.2459,39.7666,80.67,71,18,10.22
292,Hualmay,PE,2022-05-14 04:32:33,-11.0964,-77.6139,63.07,89,82,7.31
293,Turkistan,KZ,2022-05-14 04:29:26,43.0,68.0,72.77,44,78,5.75
294,Ingham,US,2022-05-14 04:32:40,42.6,-84.3833,70.83,74,40,9.22
295,Warren,US,2022-05-14 04:32:41,39.4334,-84.1666,69.6,78,69,6.02
296,Maua,BR,2022-05-14 04:32:42,-23.6678,-46.4614,66.36,89,99,3.87
297,Copalillo,MX,2022-05-14 04:32:43,18.0333,-99.1167,76.23,58,51,4.65
298,Seymchan,RU,2022-05-14 04:32:43,62.8833,152.4333,44.85,64,100,16.84
299,Prince Rupert,CA,2022-05-14 04:32:45,54.3161,-130.3201,44.69,80,100,27.63
300,Nyurba,RU,2022-05-14 04:32:46,63.2842,118.3319,40.91,45,82,7.63
301,Vila Franca Do Campo,PT,2022-05-14 04:32:46,37.7167,-25.4333,62.2,95,100,3.78
302,Tateyama,JP,2022-05-14 04:32:46,34.9833,139.8667,73.09,94,100,19.71
303,Garmsar,IR,2022-05-14 04:32:47,35.2182,52.3409,65.53,36,6,4.05
304,Ouegoa,NC,2022-05-14 04:32:48,-20.35,164.4333,75.29,71,100,15.41
305,Acapulco,MX,2022-05-14 04:32:50,16.8634,-99.8901,84.02,79,75,9.22
306,Kavieng,PG,2022-05-14 04:32:51,-2.5744,150.7967,85.24,63,34,7.72
307,Ponta Do Sol,PT,2022-05-14 04:32:52,32.6667,-17.1,64.13,70,39,7.11
308,Damavand,IR,2022-05-14 04:32:53,35.7178,52.065,51.4,41,1,0.83
309,Beringovskiy,RU,2022-05-14 04:32:54,63.05,179.3167,37.4,88,84,2.3
310,Burns Lake,CA,2022-05-14 04:30:09,54.2331,-125.7533,40.42,77,83,3.78
311,Koslan,RU,2022-05-14 04:32:55,63.4564,48.8989,49.62,80,82,4.21
312,Reconquista,AR,2022-05-14 04:30:12,-29.15,-59.65,60.17,86,100,5.17
313,Korla,CN,2022-05-14 04:32:57,41.7597,86.1469,74.12,16,66,5.97
314,Usak,TR,2022-05-14 04:30:44,38.5,29.4167,58.6,62,2,1.59
315,Tiksi,RU,2022-05-14 04:32:58,71.6872,128.8694,23.88,78,61,8.75
316,Port Blair,IN,2022-05-14 04:32:58,11.6667,92.75,86.77,71,69,9.53
317,Bethel,US,2022-05-14 04:32:59,41.3712,-73.414,66.29,91,100,3.44
318,Salamanca,ES,2022-05-14 04:33:01,40.8333,-6.0,58.75,68,100,3.83
319,Norsup,VU,2022-05-14 04:33:02,-16.0667,167.3833,78.98,72,94,12.15
320,Chapada Dos Guimaraes,BR,2022-05-14 04:33:03,-15.4606,-55.7497,65.86,56,44,3.53
321,Sechura,PE,2022-05-14 04:33:04,-5.5569,-80.8222,67.33,80,33,11.3
322,Weligama,LK,2022-05-14 04:33:04,5.9667,80.4167,80.24,88,100,14.94
323,Kununurra,AU,2022-05-14 04:33:06,-15.7667,128.7333,91.38,43,93,6.91
324,Koumac,NC,2022-05-14 04:33:08,-20.5667,164.2833,74.91,70,99,8.16
325,Pontianak,ID,2022-05-14 04:33:15,-0.0333,109.3333,84.18,79,40,6.91
326,Manakara,MG,2022-05-14 04:33:16,-22.1333,48.0167,71.58,79,93,2.51
327,Coihaique,CL,2022-05-14 04:33:16,-45.5752,-72.0662,40.95,93,0,3.44
328,Srednekolymsk,RU,2022-05-14 04:33:17,67.45,153.6833,40.35,81,100,9.53
329,Manavalakurichi,IN,2022-05-14 04:33:18,8.1333,77.3,85.01,69,99,16.22
330,Lillooet,CA,2022-05-14 04:33:20,50.6856,-121.942,44.74,69,100,4.16
331,Naze,JP,2022-05-14 04:33:21,28.3667,129.4833,70.72,80,100,13.62
332,Hernani,ES,2022-05-14 04:33:25,43.2662,-1.9762,57.85,90,0,1.14
333,Nangomba,TZ,2022-05-14 04:33:26,-10.9,38.5,68.52,80,4,1.86
334,Uusikaupunki,FI,2022-05-14 04:33:28,60.8004,21.4084,45.1,82,100,5.5
335,Sheboygan,US,2022-05-14 04:33:35,43.7333,-87.9334,71.04,66,75,4.61
336,Muros,ES,2022-05-14 04:33:37,42.7762,-9.0603,64.17,63,100,2.66
337,Kamennogorsk,RU,2022-05-14 04:33:38,60.9545,29.1339,47.28,65,41,5.68
338,Sorland,NO,2022-05-14 04:33:42,67.667,12.6934,42.66,83,100,24.07
339,Bemidji,US,2022-05-14 04:29:48,47.4736,-94.8803,58.77,61,0,6.91
340,Padang,ID,2022-05-14 04:33:43,-0.9492,100.3543,86.05,61,21,5.37
341,Codrington,AU,2022-05-14 04:33:43,-38.2667,141.9667,69.46,53,26,17.49
342,Sao Joao Da Barra,BR,2022-05-14 04:33:44,-21.6403,-41.0511,71.44,81,100,6.15
343,Yovon,TJ,2022-05-14 04:33:44,38.3141,69.0378,67.68,60,98,3.47
344,Puerto Del Rosario,ES,2022-05-14 04:33:45,28.5004,-13.8627,65.95,72,0,3.44
345,Kishtwar,IN,2022-05-14 04:33:45,33.3167,75.7667,83.43,19,0,2.39
346,Mikhaylovka,RU,2022-05-14 04:33:46,50.06,43.2379,57.78,67,88,6.76
347,Broken Hill,AU,2022-05-14 04:31:11,-31.95,141.4333,68.61,44,85,11.01
348,Oranjestad,AW,2022-05-14 04:33:46,12.524,-70.027,80.55,83,20,23.02
349,Jalu,LY,2022-05-14 04:33:47,29.0331,21.5482,65.14,59,1,14.14
350,Pitimbu,BR,2022-05-14 04:33:47,-7.4706,-34.8086,75.79,83,78,8.68
351,Joshimath,IN,2022-05-14 04:33:48,30.5667,79.5667,79.11,43,6,7.72
352,Navalmoral De La Mata,ES,2022-05-14 04:33:48,39.8916,-5.5406,64.04,56,100,2.08
353,Santa Cruz,BO,2022-05-14 04:30:04,-17.8,-63.1667,72.86,88,40,3.44
354,Hala,PK,2022-05-14 04:33:49,25.8131,68.4227,112.12,6,0,19.3
355,Ormara,PK,2022-05-14 04:33:49,25.2088,64.6357,85.86,64,0,14.81
356,Nizhnyaya Tavda,RU,2022-05-14 04:33:50,57.6731,66.1725,50.29,86,100,8.43
357,Saint George,US,2022-05-14 04:33:50,37.1041,-113.5841,75.79,17,0,5.75
358,Mugur-Aksy,RU,2022-05-14 04:33:51,50.35,90.5,54.99,19,2,2.08
359,Ayan,RU,2022-05-14 04:33:52,56.45,138.1667,32.65,91,47,6.31
360,Smithers,CA,2022-05-14 04:33:54,54.7804,-127.1743,44.92,53,20,5.75
361,Ambulu,ID,2022-05-14 04:33:57,-8.345,113.6058,87.31,66,86,5.21
362,De Aar,ZA,2022-05-14 04:33:58,-30.6497,24.0123,47.37,34,85,1.19
363,Honiara,SB,2022-05-14 04:33:59,-9.4333,159.95,82.99,78,44,1.97
364,Nago,JP,2022-05-14 04:34:00,26.5881,127.9761,76.05,95,100,6.49
365,Ixtapa,MX,2022-05-14 04:32:51,20.7,-105.2,78.03,83,20,3.44
366,Umba,RU,2022-05-14 04:34:01,66.6871,34.3429,45.37,79,39,2.91
367,Namatanai,PG,2022-05-14 04:34:01,-3.6667,152.4333,84.13,65,47,5.55
368,Quatre Cocos,MU,2022-05-14 04:34:02,-20.2078,57.7625,76.08,68,81,11.83
369,Magaria,NE,2022-05-14 04:34:02,12.9983,8.9099,79.81,14,92,9.19
370,Mpongwe,ZM,2022-05-14 04:34:03,-13.5091,28.155,56.84,77,0,5.08
371,Rohnert Park,US,2022-05-14 04:34:03,38.3396,-122.7011,63.91,77,0,4.61
372,Tiarei,PF,2022-05-14 04:34:04,-17.5333,-149.3333,80.62,69,2,15.59
373,Svetlaya,RU,2022-05-14 04:34:06,46.5389,138.3297,42.84,95,100,9.19
374,Mukhen,RU,2022-05-14 04:34:06,48.1,136.1,58.57,28,100,11.68
375,Novo Aripuana,BR,2022-05-14 04:34:07,-5.1206,-60.3797,73.78,97,100,1.63
376,Wilmington,US,2022-05-14 04:33:59,34.2257,-77.9447,69.71,89,75,4.61
377,Helena,US,2022-05-14 04:30:10,46.5927,-112.0361,43.79,34,0,11.01
378,Rio Cuarto,AR,2022-05-14 04:30:54,-33.1307,-64.3499,56.48,80,98,1.97
379,Davila,PH,2022-05-14 04:34:09,18.4726,120.5763,89.58,69,97,12.82
380,Killybegs,IE,2022-05-14 04:34:10,54.6333,-8.45,48.7,93,96,7.29
381,Brooks,CA,2022-05-14 04:34:10,50.5834,-111.8851,44.58,87,100,4.61
382,Terralba,IT,2022-05-14 04:34:12,39.7192,8.6392,53.78,61,43,3.65
383,Kupang,ID,2022-05-14 04:34:12,-10.1667,123.5833,85.86,66,20,10.2
384,Lukovetskiy,RU,2022-05-14 04:34:13,64.2956,41.9211,53.47,58,53,3.22
385,Hericourt,FR,2022-05-14 04:34:15,47.5731,6.7614,54.95,92,8,2.84
386,Juli,PE,2022-05-14 04:34:15,-16.2167,-69.45,37.94,62,35,1.86
387,Sao Lourenco Do Sul,BR,2022-05-14 04:34:16,-31.3653,-51.9783,59.25,86,100,7.52
388,Mahuva,IN,2022-05-14 04:34:16,21.0914,71.7622,91.8,51,3,14.32
389,Swan Hill,AU,2022-05-14 04:33:22,-35.3378,143.5544,63.25,73,100,8.39
390,Umm Lajj,SA,2022-05-14 04:34:18,25.0213,37.2685,96.64,20,0,15.14
391,Tasiilaq,GL,2022-05-14 04:34:19,65.6145,-37.6368,23.16,73,36,5.03
392,Jiwani,PK,2022-05-14 04:34:23,25.05,61.7417,85.78,71,0,5.01
393,Turukhansk,RU,2022-05-14 04:34:24,65.8167,87.9833,58.17,63,81,7.0
394,Kuching,MY,2022-05-14 04:34:25,1.55,110.3333,89.82,66,20,5.01
395,Cukai,MY,2022-05-14 04:34:25,4.25,103.4167,87.75,67,56,6.58
396,Novyy Urengoy,RU,2022-05-14 04:34:26,66.0833,76.6333,42.35,100,100,6.71
397,Odienne,CI,2022-05-14 04:34:26,9.51,-7.5692,77.76,71,91,2.98
398,Flinders,AU,2022-05-14 04:34:27,-34.5833,150.8552,80.19,75,80,7.0
399,Batemans Bay,AU,2022-05-14 04:34:27,-35.7167,150.1833,68.09,67,81,6.58
400,Klaksvik,FO,2022-05-14 04:34:29,62.2266,-6.589,40.12,77,95,5.17
401,Deputatskiy,RU,2022-05-14 04:34:29,69.3,139.9,20.05,68,100,4.41
402,Turayf,SA,2022-05-14 04:34:30,31.6725,38.6637,66.45,32,0,9.22
403,Otavi,NA,2022-05-14 04:34:30,-19.65,17.3333,56.16,29,0,3.83
404,Anchorage,US,2022-05-14 04:34:31,61.2181,-149.9003,45.48,83,100,6.91
405,Rawson,AR,2022-05-14 04:34:31,-43.3002,-65.1023,49.98,50,100,17.6
406,San Quintin,MX,2022-05-14 04:34:32,30.4833,-115.95,62.13,74,78,7.34
407,Sacalaz,RO,2022-05-14 04:34:32,45.7583,21.1122,61.23,94,0,4.61
408,Kargil,IN,2022-05-14 04:34:34,34.5667,76.1,53.4,31,0,2.17
409,Margate,GB,2022-05-14 04:34:34,51.3813,1.3862,50.31,87,35,1.99
410,Zapolyarnyy,RU,2022-05-14 04:34:35,69.4154,30.8136,38.48,75,12,1.72
411,Shimoda,JP,2022-05-14 04:32:35,34.6667,138.95,76.1,86,100,16.89
412,Buta,CD,2022-05-14 04:34:36,2.7858,24.73,70.45,98,89,1.36
413,Antibes,FR,2022-05-14 04:34:37,43.5624,7.1278,60.13,86,20,5.75
414,Sungaipenuh,ID,2022-05-14 04:34:38,-2.0833,101.3833,84.85,48,30,3.15
415,Tomatlan,MX,2022-05-14 04:34:38,19.9333,-105.25,72.46,88,92,0.36
416,Honolulu,US,2022-05-14 04:33:43,21.3069,-157.8583,82.22,69,40,13.8
417,Sisimiut,GL,2022-05-14 04:34:39,66.9395,-53.6735,22.6,73,89,4.97
418,Ballina,AU,2022-05-14 04:34:39,-28.8667,153.5667,69.78,80,77,13.44
419,Tefe,BR,2022-05-14 04:34:40,-3.3542,-64.7114,73.4,99,70,1.74
420,Sibay,RU,2022-05-14 04:34:40,52.7181,58.6658,49.73,66,100,16.37
421,Tigil,RU,2022-05-14 04:33:14,57.8,158.6667,49.84,71,99,3.09
422,Waipawa,NZ,2022-05-14 04:34:41,-41.4122,175.5153,56.8,75,91,7.9
423,Never,FR,2022-05-14 04:34:41,46.9896,3.159,49.75,90,13,3.06
424,Kroonstad,ZA,2022-05-14 04:34:42,-27.6504,27.2349,53.01,58,99,4.05
425,Emba,KZ,2022-05-14 04:34:42,48.8264,58.1442,63.09,65,99,16.69
426,Lyuban,BY,2022-05-14 04:34:43,52.7985,28.0048,50.65,76,63,10.65
427,Nanortalik,GL,2022-05-14 04:34:43,60.1432,-45.2371,28.8,83,97,6.31
428,Grand-Lahou,CI,2022-05-14 04:34:44,5.1367,-5.0242,80.28,86,91,7.9
429,Kwinana,AU,2022-05-14 04:34:44,-32.25,115.7667,71.19,85,80,5.01
430,Livenka,RU,2022-05-14 04:34:45,50.4491,38.2959,55.06,69,100,5.82
431,Tsiroanomandidy,MG,2022-05-14 04:34:45,-18.7667,46.0333,64.47,68,0,3.8
432,Ilulissat,GL,2022-05-14 04:34:46,69.2167,-51.1,21.22,86,100,0.0
433,Omboue,GA,2022-05-14 04:34:46,-1.5746,9.2618,76.93,92,79,6.62
434,Tazmalt,DZ,2022-05-14 04:34:46,36.3868,4.3989,65.91,68,4,1.14
435,Verkh-Usugli,RU,2022-05-14 04:34:47,52.7,115.1667,61.56,23,31,9.66
436,Nizwa,OM,2022-05-14 04:34:47,22.9333,57.5333,91.44,13,3,5.53
437,Luganville,VU,2022-05-14 04:34:48,-15.5333,167.1667,78.26,79,98,11.77
438,Kamenka,RU,2022-05-14 04:34:48,51.3223,42.7678,53.64,71,61,10.47
439,Wanxian,CN,2022-05-14 04:34:49,30.8039,108.3897,61.65,92,100,8.37
440,Glenwood Springs,US,2022-05-14 04:30:48,39.5505,-107.3248,56.21,45,0,11.5
441,Pinawa,CA,2022-05-14 04:34:49,50.1489,-95.8811,49.71,69,87,17.76
442,Zhezkazgan,KZ,2022-05-14 04:34:50,47.8043,67.7144,67.98,40,0,8.95
443,Taoudenni,ML,2022-05-14 04:34:50,22.6783,-3.9836,80.02,9,31,14.18
444,Sinop,TR,2022-05-14 04:34:51,41.7711,34.8709,45.03,55,4,6.71
445,Sinnamary,GF,2022-05-14 04:34:52,5.3833,-52.95,76.86,91,100,9.86
446,Polunochnoye,RU,2022-05-14 04:34:54,60.8697,60.4153,45.1,90,100,6.2
447,Ahipara,NZ,2022-05-14 04:34:55,-35.1667,173.1667,59.85,66,100,7.31
448,Crotone,IT,2022-05-14 04:34:57,39.0851,17.1178,64.18,65,6,2.19
449,Ayna,PE,2022-05-14 04:34:58,-12.65,-73.9167,58.46,82,27,2.57
450,Banjarmasin,ID,2022-05-14 04:34:58,-3.3244,114.591,80.74,65,99,1.36
451,Houston,US,2022-05-14 04:31:50,29.7633,-95.3633,79.2,78,0,11.5
452,Viedma,AR,2022-05-14 04:35:00,-40.8135,-62.9967,47.77,54,96,10.2
453,Lapy,PL,2022-05-14 04:35:01,52.9911,22.8842,50.25,85,68,11.45
454,Port Lincoln,AU,2022-05-14 04:35:03,-34.7333,135.8667,66.02,63,3,19.82
455,Talnakh,RU,2022-05-14 04:35:04,69.4865,88.3972,40.21,100,100,5.5
456,La Rioja,ES,2022-05-14 04:35:06,42.25,-2.5,47.98,75,100,6.87
457,Lakatoro,VU,2022-05-14 04:35:06,-16.0999,167.4164,78.94,71,93,11.25
458,Santa Isabel Do Rio Negro,BR,2022-05-14 04:35:08,-0.4139,-65.0192,72.12,99,70,2.71
459,Murmashi,RU,2022-05-14 04:34:27,68.8154,32.8115,41.41,65,0,0.0
460,Palembang,ID,2022-05-14 04:35:09,-2.9167,104.7458,89.69,66,40,8.05
461,Aksarka,RU,2022-05-14 04:33:20,66.5606,67.7975,47.26,84,56,3.02
462,Kendari,ID,2022-05-14 04:35:10,-3.945,122.4989,87.8,63,100,4.5
463,Clyde River,CA,2022-05-14 04:35:10,70.4692,-68.5914,19.63,86,100,16.11
464,Marshfield,US,2022-05-14 04:33:18,44.6689,-90.1718,72.48,52,0,6.91
465,Muravlenko,RU,2022-05-14 04:35:11,63.7898,74.523,57.58,63,98,13.51
466,Fairview,US,2022-05-14 04:35:11,40.8126,-73.999,66.11,91,75,4.61
467,Danjiangkou,CN,2022-05-14 04:35:13,32.5428,111.5086,57.0,75,100,9.08
468,Tuatapere,NZ,2022-05-14 04:35:13,-46.1333,167.6833,52.79,89,95,4.81
469,Kadoma,JP,2022-05-14 04:35:14,34.7333,135.5833,68.38,66,75,10.36
470,Lahat,ID,2022-05-14 04:35:14,-3.8,103.5333,91.51,55,33,3.36
471,Nagaur,IN,2022-05-14 04:35:15,27.2,73.7333,106.34,12,0,19.46
472,Maumere,ID,2022-05-14 04:35:16,-8.6199,122.2111,85.08,66,47,0.67
473,Mairena Del Alcor,ES,2022-05-14 04:34:31,37.373,-5.7495,69.48,76,0,5.75
474,Tezu,IN,2022-05-14 04:35:17,27.9167,96.1667,79.41,83,95,2.66
475,Tera,NE,2022-05-14 04:35:33,14.0078,0.7531,89.11,44,63,13.98
476,Berlevag,NO,2022-05-14 04:35:33,70.8578,29.0864,37.35,65,100,10.36
477,Brownsville,US,2022-05-14 04:35:35,25.9018,-97.4975,78.03,83,20,8.05
478,Guerrero Negro,MX,2022-05-14 04:35:35,27.9769,-114.0611,63.32,73,97,9.53
479,Itarema,BR,2022-05-14 04:35:36,-2.9248,-39.9167,75.96,93,100,9.55
480,Nexo,DK,2022-05-14 04:35:36,55.0607,15.1306,51.89,87,58,24.58
481,Mogadishu,SO,2022-05-14 04:35:38,2.0371,45.3438,84.07,74,20,19.57
482,Vaitape,PF,2022-05-14 04:35:38,-16.5167,-151.75,81.43,72,62,15.95
483,Valdivia,CL,2022-05-14 04:30:59,-39.8142,-73.2459,35.69,96,30,2.91
484,Mangai,CD,2022-05-14 04:35:40,-4.05,19.5333,70.38,97,63,1.45
485,Tarragona,ES,2022-05-14 04:35:40,41.129,1.249,63.05,67,0,5.75
486,Marzuq,YE,2022-05-14 04:35:41,14.4,46.4667,81.05,14,32,7.23
487,Kautokeino,NO,2022-05-14 04:35:41,69.0125,23.0412,33.82,99,100,1.88
488,Volksrust,ZA,2022-05-14 04:35:43,-27.3654,29.8818,50.0,58,98,2.98
489,Bandar,ID,2022-05-14 04:31:57,2.05,99.75,92.97,51,71,3.06
490,Broome,US,2022-05-14 04:35:43,42.2506,-75.833,66.58,89,0,5.75
491,Alibag,IN,2022-05-14 04:35:44,18.6411,72.8792,89.67,63,42,8.99
492,Mogzon,RU,2022-05-14 04:35:45,51.7435,111.9606,60.8,22,53,11.18
493,Fremont,US,2022-05-14 04:31:53,37.5483,-121.9886,66.51,79,0,14.97
494,Tiverton,GB,2022-05-14 04:35:46,50.9,-3.4833,50.07,95,88,2.8
495,Apastovo,RU,2022-05-14 04:35:47,55.2029,48.5109,52.65,76,2,13.82
496,Yuli,NG,2022-05-14 04:35:49,9.6989,10.2744,74.82,86,60,6.44
497,Burnie,AU,2022-05-14 04:35:49,-41.0667,145.9167,59.94,96,99,15.23
498,Acarau,BR,2022-05-14 04:35:50,-2.8856,-40.12,76.71,91,100,10.38
499,San Patricio,US,2022-05-14 04:35:50,28.017,-97.5169,80.49,90,31,6.46
500,Aleksin,RU,2022-05-14 04:33:11,54.51,37.08,52.63,77,89,11.9
501,Boa Vista,BR,2022-05-14 04:34:24,2.8197,-60.6733,78.78,83,0,3.44
502,Westport,US,2022-05-14 04:35:52,41.1415,-73.3579,66.43,96,100,3.44
503,Zhigalovo,RU,2022-05-14 04:35:52,54.8097,105.1578,71.92,19,34,2.8
504,Dharchula,IN,2022-05-14 04:35:53,29.85,80.5333,86.43,37,10,7.27
505,Eydhafushi,MV,2022-05-14 04:35:53,5.1033,73.0708,79.99,84,100,37.67
506,Krasnovishersk,RU,2022-05-14 04:35:54,60.4078,57.082,46.62,96,100,2.62
507,Maiduguri,NG,2022-05-14 04:35:55,11.8464,13.1603,80.94,57,53,8.52
508,Branford,US,2022-05-14 04:35:56,41.2795,-72.8151,68.22,96,100,3.44
509,Acara,BR,2022-05-14 04:35:57,-1.9608,-48.1967,73.35,100,83,2.26
510,Kaeo,NZ,2022-05-14 04:35:58,-35.1,173.7833,62.33,76,100,7.09
511,Bhainsdehi,IN,2022-05-14 04:35:58,21.6467,77.6325,97.81,20,9,13.09
512,Kahului,US,2022-05-14 04:35:58,20.8947,-156.47,78.82,71,40,18.41
513,Necochea,AR,2022-05-14 04:35:59,-38.5473,-58.7368,45.28,66,49,8.37
514,Warrington,GB,2022-05-14 04:35:59,53.3925,-2.5802,52.61,89,0,5.75
515,Pangody,RU,2022-05-14 04:36:01,65.85,74.4859,46.36,96,91,8.32
516,Itoman,JP,2022-05-14 04:36:02,26.1247,127.6694,75.97,96,75,13.8
517,Luderitz,NA,2022-05-14 04:36:04,-26.6481,15.1594,55.04,63,28,12.71
518,Matagami,CA,2022-05-14 04:36:05,49.7502,-77.6328,59.11,94,75,3.44
519,Lasa,IT,2022-05-14 04:36:06,46.6166,10.7002,58.08,88,96,2.95
520,Nha Trang,VN,2022-05-14 04:32:54,12.25,109.1833,93.2,66,62,9.73
521,Totness,SR,2022-05-14 04:36:07,5.8833,-56.3167,76.98,88,69,10.89
522,Dire Dawa,ET,2022-05-14 04:36:08,9.5931,41.8661,83.46,21,20,6.35
523,Luau,AO,2022-05-14 04:36:09,-10.7073,22.2247,59.95,67,13,4.03
524,Tukrah,LY,2022-05-14 04:36:10,32.5341,20.5791,63.7,78,33,4.25
525,Plover,US,2022-05-14 04:36:10,44.4564,-89.544,73.15,56,100,6.91
526,Beloha,MG,2022-05-14 04:36:18,-25.1667,45.05,67.32,76,0,5.91
527,Palmer,US,2022-05-14 04:36:18,42.1584,-72.3287,67.37,99,19,4.07
528,Santa Maria,BR,2022-05-14 04:36:19,-29.6842,-53.8069,53.38,93,100,4.85
529,Qaqortoq,GL,2022-05-14 04:36:19,60.7167,-46.0333,30.04,80,23,10.09
530,Amasya,TR,2022-05-14 04:36:20,40.6667,35.8333,55.08,54,0,2.95
531,Amudat,UG,2022-05-14 04:36:20,1.95,34.95,71.74,57,87,2.08
532,Clinton,US,2022-05-14 04:32:06,42.587,-82.9199,71.06,81,0,8.05
533,Amuntai,ID,2022-05-14 04:36:22,-2.4177,115.2494,88.95,58,100,1.9
534,Jizan,SA,2022-05-14 04:36:23,17.3333,42.6667,86.94,40,100,4.88
535,Pucallpa,PE,2022-05-14 04:36:24,-8.3791,-74.5539,75.24,100,20,2.3
536,Oktyabrskiy,RU,2022-05-14 04:36:24,54.4815,53.471,53.87,70,27,12.75
537,Piuma,BR,2022-05-14 04:36:25,-20.8378,-40.7219,70.0,90,90,4.23
538,Finschhafen,PG,2022-05-14 04:36:28,-6.6024,147.8681,85.62,70,87,9.55
539,Coquimbo,CL,2022-05-14 04:33:16,-29.9533,-71.3436,55.13,94,0,4.61
540,Kingisepp,RU,2022-05-14 04:36:29,59.3733,28.6134,47.82,68,68,5.68
541,Sungairaya,ID,2022-05-14 04:36:29,0.7,108.9,89.92,56,43,5.91
542,Agua Verde,MX,2022-05-14 04:36:30,22.9,-106.05,75.29,77,75,0.51
543,Vila Velha,BR,2022-05-14 04:36:32,-20.3297,-40.2925,71.55,88,75,3.44
544,Avera,US,2022-05-14 04:36:32,33.194,-82.5271,62.65,93,50,3.29
545,Bonavista,CA,2022-05-14 04:36:32,48.6499,-53.1147,34.16,85,100,7.67
546,Phan Thiet,VN,2022-05-14 04:36:34,10.9333,108.1,91.89,59,68,13.11
547,Amberley,US,2022-05-14 04:36:36,39.2048,-84.428,68.92,77,0,0.0
548,Dauphin,CA,2022-05-14 04:36:36,51.1494,-100.0502,48.34,100,100,24.16
549,Jadu,LY,2022-05-14 04:36:37,31.953,12.0261,57.15,57,0,8.79
550,Waitara,NZ,2022-05-14 04:36:38,-38.925,174.25,64.22,75,98,14.29
551,Ponta Delgada,PT,2022-05-14 04:36:38,37.7333,-25.6667,62.51,88,75,13.8
552,Ambilobe,MG,2022-05-14 04:36:39,-13.2,49.05,75.7,71,19,3.89
553,Grand-Santi,GF,2022-05-14 04:36:39,4.25,-54.3833,71.94,100,100,1.97
554,Lata,PT,2022-05-14 04:36:40,40.1629,-8.3327,59.81,66,100,2.82
555,Buckeye,US,2022-05-14 04:36:40,33.3703,-112.5838,84.88,9,0,8.05
556,Naryan-Mar,RU,2022-05-14 04:36:41,67.6713,53.087,52.45,71,25,7.78
557,Namibe,AO,2022-05-14 04:36:41,-15.1961,12.1522,72.59,61,1,6.42
558,Sulangan,PH,2022-05-14 04:36:43,11.1373,123.7228,84.02,70,79,2.19
559,Saryg-Sep,RU,2022-05-14 04:36:43,51.5,95.6,69.12,15,7,3.67
560,Port-Gentil,GA,2022-05-14 04:36:45,-0.7193,8.7815,81.03,80,100,10.8
561,Kalmunai,LK,2022-05-14 04:36:45,7.4167,81.8167,88.88,59,94,1.23
562,Karaton,ID,2022-05-14 04:36:47,-6.3424,106.1045,91.09,50,69,1.66
563,Sopelana,ES,2022-05-14 04:36:47,43.3789,-2.9831,64.81,87,75,4.61
564,Sao Gabriel Da Cachoeira,BR,2022-05-14 04:36:48,-0.1303,-67.0892,73.24,99,100,2.26
565,Rexburg,US,2022-05-14 04:33:20,43.826,-111.7897,53.11,32,0,12.66
566,Hamilton,US,2022-05-14 04:36:39,39.1834,-84.5333,69.6,77,0,0.0
567,Porlamar,VE,2022-05-14 04:36:49,10.958,-63.8491,78.89,94,32,17.27
568,Nuwara Eliya,LK,2022-05-14 04:36:51,6.9708,80.7829,61.02,93,100,6.22
569,Ngunguru,NZ,2022-05-14 04:36:51,-35.6167,174.5,60.39,72,100,10.0
570,Moranbah,AU,2022-05-14 04:36:55,-22.0016,148.0466,79.61,53,44,7.23
571,Mayo,US,2022-05-14 04:36:55,38.8876,-76.5119,68.25,95,100,5.75
572,Vardo,NO,2022-05-14 04:36:56,70.3705,31.1107,37.38,70,100,6.91
573,Rorvik,NO,2022-05-14 04:37:00,64.8621,11.2373,43.93,81,100,23.33
574,Aquiraz,BR,2022-05-14 04:37:02,-3.9014,-38.3911,77.09,90,100,9.13
575,Kungurtug,RU,2022-05-14 04:37:02,50.5994,97.5228,60.3,16,9,3.02
576,Nouadhibou,MR,2022-05-14 04:37:04,20.931,-17.0347,71.58,73,0,19.57
577,Camabatela,AO,2022-05-14 04:37:04,-8.1881,15.375,62.13,97,37,1.05
